legacy_domain,legacy_controller,legacy_action,http_method,legacy_route,auth_required,permission_model,modern_domain,modern_module,modern_endpoint,status,parity_notes,last_verified_utc,domain_total,domain_mapped,domain_implemented,domain_verified
abstractclassifier,AbstractClassifierController,GetAbstractClassifierTypes,GET,AbstractClassifier/GetAbstractClassifierTypes,true,unknown,core/catchup,core/catchup/catchup-compatibility.module,route_abstractclassifier_getabstractclassifiertypes,verified,R2 catchup compatibility implemented via offline parity controller,2026-02-20T19:02:25.701Z,5,5,5,5
abstractclassifier,AbstractClassifierController,GetChildrenForAutoComplete,GET,AbstractClassifier/GetChildrenForAutoComplete,true,unknown,core/catchup,core/catchup/catchup-compatibility.module,route_abstractclassifier_getchildrenforautocomplete,verified,R2 catchup compatibility implemented via offline parity controller,2026-02-20T19:02:25.701Z,5,5,5,5
abstractclassifier,AbstractClassifierController,GetClassifiersWithoutMe,GET,AbstractClassifier/GetClassifiersWithoutMe,true,unknown,core/catchup,core/catchup/catchup-compatibility.module,route_abstractclassifier_getclassifierswithoutme,verified,R2 catchup compatibility implemented via offline parity controller,2026-02-20T19:02:25.701Z,5,5,5,5
abstractclassifier,AbstractClassifierController,Post,POST,AbstractClassifier/Post,false,anonymous,core/catchup,core/catchup/catchup-compatibility.module,route_abstractclassifier_post,verified,R2 catchup compatibility implemented via offline parity controller,2026-02-20T19:02:25.701Z,5,5,5,5
abstractclassifier,AbstractClassifierController,Put,PUT,AbstractClassifier/Put,true,unknown,core/catchup,core/catchup/catchup-compatibility.module,route_abstractclassifier_put,verified,R2 catchup compatibility implemented via offline parity controller,2026-02-20T19:02:25.701Z,5,5,5,5
auth,AccountController,GetExternalLogin,GET,Account/ExternalLogin,false,anonymous,core/auth,core/auth/auth-compatibility.module,externalLogin,verified,src/api/Shrooms.Presentation.Api/Controllers/AccountController.cs:371,2026-02-20T19:02:25.701Z,11,11,11,11
auth,AccountController,GetExternalLogins,GET,Account/ExternalLogins,false,anonymous,core/auth,core/auth/auth-compatibility.module,externalLogins,verified,src/api/Shrooms.Presentation.Api/Controllers/AccountController.cs:272,2026-02-20T19:02:25.701Z,11,11,11,11
auth,AccountController,GetInternalLogins,GET,Account/InternalLogins,false,anonymous,core/auth,core/auth/auth-compatibility.module,internalLogins,verified,src/api/Shrooms.Presentation.Api/Controllers/AccountController.cs:234,2026-02-20T19:02:25.701Z,11,11,11,11
auth,AccountController,GetUserInfo,GET,Account/UserInfo,true,authenticated,core/auth,core/auth/auth-compatibility.module,getUserInfo,verified,src/api/Shrooms.Presentation.Api/Controllers/AccountController.cs:71,2026-02-20T19:02:25.701Z,11,11,11,11
auth,AccountController,Logout,ANY,Account/Logout,true,authenticated,core/auth,core/auth/auth-compatibility.module,logout,verified,src/api/Shrooms.Presentation.Api/Controllers/AccountController.cs:255,2026-02-20T19:02:25.701Z,11,11,11,11
auth,AccountController,RegisterExternal,ANY,Account/RegisterExternal,true,authenticated,core/auth,core/auth/auth-compatibility.module,registerExternal,verified,src/api/Shrooms.Presentation.Api/Controllers/AccountController.cs:313,2026-02-20T19:02:25.701Z,11,11,11,11
auth,AccountController,RegisterUser,ANY,Account/Register,false,anonymous,core/auth,core/auth/auth-compatibility.module,register,verified,src/api/Shrooms.Presentation.Api/Controllers/AccountController.cs:93,2026-02-20T19:02:25.701Z,11,11,11,11
auth,AccountController,RequestPasswordReset,ANY,Account/RequestPasswordReset,false,anonymous,core/auth,core/auth/auth-compatibility.module,requestPasswordReset,verified,src/api/Shrooms.Presentation.Api/Controllers/AccountController.cs:163,2026-02-20T19:02:25.701Z,11,11,11,11
auth,AccountController,ResetPassword,ANY,Account/ResetPassword,false,anonymous,core/auth,core/auth/auth-compatibility.module,resetPassword,verified,src/api/Shrooms.Presentation.Api/Controllers/AccountController.cs:208,2026-02-20T19:02:25.701Z,11,11,11,11
auth,AccountController,VerifyEmail,ANY,Account/VerifyEmail,false,anonymous,core/auth,core/auth/auth-compatibility.module,verifyEmail,verified,src/api/Shrooms.Presentation.Api/Controllers/AccountController.cs:183,2026-02-20T19:02:25.701Z,11,11,11,11
blacklist,BlacklistController,AddToBlacklist,POST,Blacklist,true,AdministrationPermissions.Blacklist,core/catchup,core/catchup/catchup-compatibility.module,route_blacklist,verified,R2 catchup compatibility implemented via offline parity controller,2026-02-20T19:02:25.701Z,5,5,5,5
blacklist,BlacklistController,CancelBlacklist,PUT,Blacklist/{id}/Cancel,true,AdministrationPermissions.Blacklist,core/catchup,core/catchup/catchup-compatibility.module,route_blacklist_id_cancel,verified,R2 catchup compatibility implemented via offline parity controller,2026-02-20T19:02:25.701Z,5,5,5,5
blacklist,BlacklistController,GetActiveBlacklist,GET,Blacklist/{id},true,BasicPermissions.Blacklist,core/catchup,core/catchup/catchup-compatibility.module,route_blacklist_id,verified,R2 catchup compatibility implemented via offline parity controller,2026-02-20T19:02:25.701Z,5,5,5,5
blacklist,BlacklistController,GetBlacklistHistory,GET,Blacklist/{id}/History,true,authenticated,core/catchup,core/catchup/catchup-compatibility.module,route_blacklist_id_history,verified,R2 catchup compatibility implemented via offline parity controller,2026-02-20T19:02:25.701Z,5,5,5,5
blacklist,BlacklistController,UpdateBlacklist,PUT,Blacklist,true,AdministrationPermissions.Blacklist,core/catchup,core/catchup/catchup-compatibility.module,route_blacklist,verified,R2 catchup compatibility implemented via offline parity controller,2026-02-20T19:02:25.701Z,5,5,5,5
certificate,CertificateController,Delete,DELETE,Certificate/Delete,true,BasicPermissions.Certificate,core/catchup,core/catchup/catchup-compatibility.module,route_certificate_delete,verified,R2 catchup compatibility implemented via offline parity controller,2026-02-20T19:02:25.701Z,4,4,4,4
certificate,CertificateController,GetForAutocomplete,GET,Certificate/GetForAutocomplete,true,BasicPermissions.Certificate,core/catchup,core/catchup/catchup-compatibility.module,route_certificate_getforautocomplete,verified,R2 catchup compatibility implemented via offline parity controller,2026-02-20T19:02:25.701Z,4,4,4,4
certificate,CertificateController,Post,POST,Certificate/Post,true,BasicPermissions.Certificate,core/catchup,core/catchup/catchup-compatibility.module,route_certificate_post,verified,R2 catchup compatibility implemented via offline parity controller,2026-02-20T19:02:25.701Z,4,4,4,4
certificate,CertificateController,Put,PUT,Certificate/Put,true,BasicPermissions.Certificate,core/catchup,core/catchup/catchup-compatibility.module,route_certificate_put,verified,R2 catchup compatibility implemented via offline parity controller,2026-02-20T19:02:25.701Z,4,4,4,4
comment,CommentController,CreateComment,POST,Comment/Create,true,BasicPermissions.Comment|BasicPermissions.Event,core/social,core/social/social-compatibility.module,createComment,verified,R2 social compatibility implemented,2026-02-20T19:02:25.701Z,5,5,5,5
comment,CommentController,DeleteComment,DELETE,Comment/Delete,true,BasicPermissions.Comment|BasicPermissions.Event,core/social,core/social/social-compatibility.module,deleteComment,verified,R2 social compatibility implemented,2026-02-20T19:02:25.701Z,5,5,5,5
comment,CommentController,EditComment,PUT,Comment/Edit,true,BasicPermissions.Comment|BasicPermissions.Event,core/social,core/social/social-compatibility.module,editComment,verified,R2 social compatibility implemented,2026-02-20T19:02:25.701Z,5,5,5,5
comment,CommentController,HideComment,PUT,Comment/Hide,true,BasicPermissions.Comment|BasicPermissions.Event,core/social,core/social/social-compatibility.module,hideComment,verified,R2 social compatibility implemented,2026-02-20T19:02:25.701Z,5,5,5,5
comment,CommentController,ToggleLike,PUT,Comment/Like,true,BasicPermissions.Comment|BasicPermissions.Event,core/social,core/social/social-compatibility.module,likeComment,verified,R2 social compatibility implemented,2026-02-20T19:02:25.701Z,5,5,5,5
default,DefaultController,Index,GET,Default/Index,false,anonymous,core/catchup,core/catchup/catchup-compatibility.module,route_default_index,verified,R2 catchup compatibility implemented via offline parity controller,2026-02-20T19:02:25.701Z,1,1,1,1
employees,EmployeeController,GetPagedEmployees,GET,Employees,true,BasicPermissions.EmployeeList,core/catchup,core/catchup/catchup-compatibility.module,route_employees,verified,R2 catchup compatibility implemented via offline parity controller,2026-02-20T19:02:25.701Z,1,1,1,1
error,ErrorController,NotFound,DELETE,Error/NotFound,false,anonymous,core/system,core/system/system-compatibility.module,notFound,verified,R2 error compatibility implemented,2026-02-20T19:02:25.701Z,6,6,6,6
error,ErrorController,NotFound,GET,Error/NotFound,false,anonymous,core/system,core/system/system-compatibility.module,notFound,verified,R2 error compatibility implemented,2026-02-20T19:02:25.701Z,6,6,6,6
error,ErrorController,NotFound,HEAD,Error/NotFound,false,anonymous,core/system,core/system/system-compatibility.module,notFound,verified,R2 error compatibility implemented,2026-02-20T19:02:25.701Z,6,6,6,6
error,ErrorController,NotFound,OPTIONS,Error/NotFound,false,anonymous,core/system,core/system/system-compatibility.module,notFound,verified,R2 error compatibility implemented,2026-02-20T19:02:25.701Z,6,6,6,6
error,ErrorController,NotFound,POST,Error/NotFound,false,anonymous,core/system,core/system/system-compatibility.module,notFound,verified,R2 error compatibility implemented,2026-02-20T19:02:25.701Z,6,6,6,6
error,ErrorController,NotFound,PUT,Error/NotFound,false,anonymous,core/system,core/system/system-compatibility.module,notFound,verified,R2 error compatibility implemented,2026-02-20T19:02:25.701Z,6,6,6,6
exam,ExamController,Get,GET,Exam/Get,true,BasicPermissions.Exam,core/catchup,core/catchup/catchup-compatibility.module,route_exam_get,verified,R2 catchup compatibility implemented via offline parity controller,2026-02-20T19:02:25.701Z,5,5,5,5
exam,ExamController,GetExamForAutoComplete,GET,Exam/GetExamForAutoComplete,true,BasicPermissions.Exam,core/catchup,core/catchup/catchup-compatibility.module,route_exam_getexamforautocomplete,verified,R2 catchup compatibility implemented via offline parity controller,2026-02-20T19:02:25.701Z,5,5,5,5
exam,ExamController,GetExamForAutoCompleteByTitleAndNumber,GET,Exam/GetExamForAutoCompleteByTitleAndNumber,true,BasicPermissions.Exam,core/catchup,core/catchup/catchup-compatibility.module,route_exam_getexamforautocompletebytitleandnumber,verified,R2 catchup compatibility implemented via offline parity controller,2026-02-20T19:02:25.701Z,5,5,5,5
exam,ExamController,GetExamNumbersForAutoComplete,GET,Exam/GetExamNumbersForAutoComplete,true,BasicPermissions.Exam,core/catchup,core/catchup/catchup-compatibility.module,route_exam_getexamnumbersforautocomplete,verified,R2 catchup compatibility implemented via offline parity controller,2026-02-20T19:02:25.701Z,5,5,5,5
exam,ExamController,Post,POST,Exam/Post,true,BasicPermissions.Exam,core/catchup,core/catchup/catchup-compatibility.module,route_exam_post,verified,R2 catchup compatibility implemented via offline parity controller,2026-02-20T19:02:25.701Z,5,5,5,5
externaljobs,ExternalJobsController,AnonymizeUsers,POST,ExternalJobs/AnonymizeUsers,true,unknown,core/integration,core/integration/integration-compatibility.module,anonymizeUsers,verified,R2 integration compatibility implemented,2026-02-20T19:02:25.701Z,4,4,4,4
externaljobs,ExternalJobsController,ProcessExpiredBlacklistUsers,POST,ExternalJobs/ProcessExpiredBlacklistUsers,true,unknown,core/integration,core/integration/integration-compatibility.module,processExpiredBlacklistUsers,verified,R2 integration compatibility implemented,2026-02-20T19:02:25.701Z,4,4,4,4
externaljobs,ExternalJobsController,SendBirthdaysNotifications,POST,ExternalJobs/SendBirthdaysNotifications,true,unknown,core/integration,core/integration/integration-compatibility.module,sendBirthdaysNotifications,verified,R2 integration compatibility implemented,2026-02-20T19:02:25.701Z,4,4,4,4
externaljobs,ExternalJobsController,SendDailyMails,POST,ExternalJobs/SendDailyMails,true,unknown,core/integration,core/integration/integration-compatibility.module,sendDailyMails,verified,R2 integration compatibility implemented,2026-02-20T19:02:25.701Z,4,4,4,4
externallink,ExternalLinkController,GetAll,GET,ExternalLink/List,true,BasicPermissions.ExternalLink,core/catchup,core/catchup/catchup-compatibility.module,route_externallink_list,verified,R2 catchup compatibility implemented via offline parity controller,2026-02-20T19:02:25.701Z,3,3,3,3
externallink,ExternalLinkController,GetExternalLink,GET,ExternalLink/{id},true,BasicPermissions.ExternalLink,core/catchup,core/catchup/catchup-compatibility.module,route_externallink_id,verified,R2 catchup compatibility implemented via offline parity controller,2026-02-20T19:02:25.701Z,3,3,3,3
externallink,ExternalLinkController,UpdateLinks,POST,ExternalLink/Update,true,AdministrationPermissions.ExternalLink,core/catchup,core/catchup/catchup-compatibility.module,route_externallink_update,verified,R2 catchup compatibility implemented via offline parity controller,2026-02-20T19:02:25.701Z,3,3,3,3
filterpreset,FilterPresetController,GetFilters,GET,FilterPreset/GetFilters,true,AdministrationPermissions.Event,core/catchup,core/catchup/catchup-compatibility.module,route_filterpreset_getfilters,verified,R2 catchup compatibility implemented via offline parity controller,2026-02-20T19:02:25.701Z,3,3,3,3
filterpreset,FilterPresetController,GetPresets,GET,FilterPreset/GetPresetsForPage,true,AdministrationPermissions.Event,core/catchup,core/catchup/catchup-compatibility.module,route_filterpreset_getpresetsforpage,verified,R2 catchup compatibility implemented via offline parity controller,2026-02-20T19:02:25.701Z,3,3,3,3
filterpreset,FilterPresetController,Update,POST,FilterPreset/Update,true,AdministrationPermissions.Event,core/catchup,core/catchup/catchup-compatibility.module,route_filterpreset_update,verified,R2 catchup compatibility implemented via offline parity controller,2026-02-20T19:02:25.701Z,3,3,3,3
floor,FloorController,Delete,DELETE,Floor/Delete,true,AdministrationPermissions.Floor,core/admin,core/admin/admin-reference-compatibility.module,deleteFloor,verified,R2 admin/reference compatibility implemented,2026-02-20T19:02:25.701Z,7,7,7,7
floor,FloorController,GetAllFloors,GET,Floor/GetAllFloors,true,AdministrationPermissions.Floor,core/admin,core/admin/admin-reference-compatibility.module,getAllFloors,verified,R2 admin/reference compatibility implemented,2026-02-20T19:02:25.701Z,7,7,7,7
floor,FloorController,GetByOffice,GET,Floor/GetByOffice,true,BasicPermissions.Floor,core/admin,core/admin/admin-reference-compatibility.module,getFloorsByOffice,verified,R2 admin/reference compatibility implemented,2026-02-20T19:02:25.701Z,7,7,7,7
floor,FloorController,GetByRoom,GET,Floor/GetByRoom,true,BasicPermissions.Floor,core/admin,core/admin/admin-reference-compatibility.module,getFloorByRoom,verified,R2 admin/reference compatibility implemented,2026-02-20T19:02:25.701Z,7,7,7,7
floor,FloorController,GetPaged,GET,Floor/GetPaged,true,AdministrationPermissions.Floor,core/admin,core/admin/admin-reference-compatibility.module,getPagedFloors,verified,R2 admin/reference compatibility implemented,2026-02-20T19:02:25.701Z,7,7,7,7
floor,FloorController,Post,POST,Floor/Post,true,AdministrationPermissions.Floor,core/admin,core/admin/admin-reference-compatibility.module,createFloor,verified,R2 admin/reference compatibility implemented,2026-02-20T19:02:25.701Z,7,7,7,7
floor,FloorController,Put,PUT,Floor/Put,true,AdministrationPermissions.Floor,core/admin,core/admin/admin-reference-compatibility.module,updateFloor,verified,R2 admin/reference compatibility implemented,2026-02-20T19:02:25.701Z,7,7,7,7
jobtype,JobTypeController,Create,POST,JobType/Create,true,AdministrationPermissions.Job,core/catchup,core/catchup/catchup-compatibility.module,route_jobtype_create,verified,R2 catchup compatibility implemented via offline parity controller,2026-02-20T19:02:25.701Z,5,5,5,5
jobtype,JobTypeController,Delete,DELETE,JobType/Delete,true,AdministrationPermissions.Job,core/catchup,core/catchup/catchup-compatibility.module,route_jobtype_delete,verified,R2 catchup compatibility implemented via offline parity controller,2026-02-20T19:02:25.701Z,5,5,5,5
jobtype,JobTypeController,Get,GET,JobType/Get,true,AdministrationPermissions.Job,core/catchup,core/catchup/catchup-compatibility.module,route_jobtype_get,verified,R2 catchup compatibility implemented via offline parity controller,2026-02-20T19:02:25.701Z,5,5,5,5
jobtype,JobTypeController,GetJobTypes,GET,JobType/Types,true,AdministrationPermissions.Job,core/catchup,core/catchup/catchup-compatibility.module,route_jobtype_types,verified,R2 catchup compatibility implemented via offline parity controller,2026-02-20T19:02:25.701Z,5,5,5,5
jobtype,JobTypeController,Update,PUT,JobType/Update,true,AdministrationPermissions.Job,core/catchup,core/catchup/catchup-compatibility.module,route_jobtype_update,verified,R2 catchup compatibility implemented via offline parity controller,2026-02-20T19:02:25.701Z,5,5,5,5
kudosbasket,KudosBasketController,CreateNewKudosBasket,POST,KudosBasket/CreateNewKudosBasket,true,AdministrationPermissions.KudosBasket,core/catchup,core/catchup/catchup-compatibility.module,route_kudosbasket_createnewkudosbasket,verified,R2 catchup compatibility implemented via offline parity controller,2026-02-20T19:02:25.701Z,7,7,7,7
kudosbasket,KudosBasketController,DeleteKudosBasket,DELETE,KudosBasket/DeleteKudosBasket,true,AdministrationPermissions.KudosBasket,core/catchup,core/catchup/catchup-compatibility.module,route_kudosbasket_deletekudosbasket,verified,R2 catchup compatibility implemented via offline parity controller,2026-02-20T19:02:25.701Z,7,7,7,7
kudosbasket,KudosBasketController,EditKudosBasket,PUT,KudosBasket/EditKudosBasket,true,AdministrationPermissions.KudosBasket,core/catchup,core/catchup/catchup-compatibility.module,route_kudosbasket_editkudosbasket,verified,R2 catchup compatibility implemented via offline parity controller,2026-02-20T19:02:25.701Z,7,7,7,7
kudosbasket,KudosBasketController,GetDonations,GET,KudosBasket/GetDonations,true,BasicPermissions.KudosBasket,core/catchup,core/catchup/catchup-compatibility.module,route_kudosbasket_getdonations,verified,R2 catchup compatibility implemented via offline parity controller,2026-02-20T19:02:25.701Z,7,7,7,7
kudosbasket,KudosBasketController,GetKudosBasket,GET,KudosBasket/GetKudosBasket,true,AdministrationPermissions.KudosBasket,core/catchup,core/catchup/catchup-compatibility.module,route_kudosbasket_getkudosbasket,verified,R2 catchup compatibility implemented via offline parity controller,2026-02-20T19:02:25.701Z,7,7,7,7
kudosbasket,KudosBasketController,GetKudosBasketWidget,GET,KudosBasket/GetKudosBasketWidget,true,BasicPermissions.KudosBasket,core/catchup,core/catchup/catchup-compatibility.module,route_kudosbasket_getkudosbasketwidget,verified,R2 catchup compatibility implemented via offline parity controller,2026-02-20T19:02:25.701Z,7,7,7,7
kudosbasket,KudosBasketController,MakeDonation,POST,KudosBasket/MakeDonation,true,BasicPermissions.KudosBasket,core/catchup,core/catchup/catchup-compatibility.module,route_kudosbasket_makedonation,verified,R2 catchup compatibility implemented via offline parity controller,2026-02-20T19:02:25.701Z,7,7,7,7
localization,LocalizationController,GetResource,GET,Localization/GetResource,true,BasicPermissions.Localization,core/system,core/system/system-compatibility.module,getResource,verified,R2 localization compatibility implemented,2026-02-20T19:02:25.701Z,2,2,2,2
localization,LocalizationController,GetResources,GET,Localization/GetResources,true,BasicPermissions.Localization,core/system,core/system/system-compatibility.module,getResources,verified,R2 localization compatibility implemented,2026-02-20T19:02:25.701Z,2,2,2,2
monitor,MonitorController,CreateMonitor,POST,Monitor/Create,true,AdministrationPermissions.Monitor,core/catchup,core/catchup/catchup-compatibility.module,route_monitor_create,verified,R2 catchup compatibility implemented via offline parity controller,2026-02-20T19:02:25.701Z,4,4,4,4
monitor,MonitorController,GetMonitorDetails,GET,Monitor/Details,true,AdministrationPermissions.Monitor,core/catchup,core/catchup/catchup-compatibility.module,route_monitor_details,verified,R2 catchup compatibility implemented via offline parity controller,2026-02-20T19:02:25.701Z,4,4,4,4
monitor,MonitorController,GetMonitorList,GET,Monitor/List,true,AdministrationPermissions.Monitor,core/catchup,core/catchup/catchup-compatibility.module,route_monitor_list,verified,R2 catchup compatibility implemented via offline parity controller,2026-02-20T19:02:25.701Z,4,4,4,4
monitor,MonitorController,UpdateMonitor,PUT,Monitor/Update,true,AdministrationPermissions.Monitor,core/catchup,core/catchup/catchup-compatibility.module,route_monitor_update,verified,R2 catchup compatibility implemented via offline parity controller,2026-02-20T19:02:25.701Z,4,4,4,4
notification,NotificationController,GetAll,GET,Notification/GetAll,true,authenticated,core/social,core/social/social-compatibility.module,getNotifications,verified,R2 social compatibility implemented,2026-02-20T19:02:25.701Z,3,3,3,3
notification,NotificationController,MarkAllAsRead,PUT,Notification/MarkAllAsRead,true,authenticated,core/social,core/social/social-compatibility.module,markAllNotificationsAsRead,verified,R2 social compatibility implemented,2026-02-20T19:02:25.701Z,3,3,3,3
notification,NotificationController,MarkAsRead,PUT,Notification/MarkAsRead,true,authenticated,core/social,core/social/social-compatibility.module,markNotificationsAsRead,verified,R2 social compatibility implemented,2026-02-20T19:02:25.701Z,3,3,3,3
auth,OAuthTokenEndpoint,IssueToken,POST,token,false,anonymous,core/auth,core/auth/auth-compatibility.module,issueToken,verified,legacy owin oauth token endpoint,2026-02-20T19:02:25.701Z,11,11,11,11
office,OfficeController,Delete,DELETE,Office/Delete,true,AdministrationPermissions.Office,core/admin,core/admin/admin-reference-compatibility.module,deleteOffice,verified,R2 admin/reference compatibility implemented,2026-02-20T19:02:25.701Z,6,6,6,6
office,OfficeController,GetAll,GET,Office/GetAll,true,BasicPermissions.Office,core/admin,core/admin/admin-reference-compatibility.module,getAllOffices,verified,R2 admin/reference compatibility implemented,2026-02-20T19:02:25.701Z,6,6,6,6
office,OfficeController,GetAllOfficesForDropdown,GET,Office/GetAllOfficesForDropdown,true,BasicPermissions.Office,core/admin,core/admin/admin-reference-compatibility.module,getOfficesForDropdown,verified,R2 admin/reference compatibility implemented,2026-02-20T19:02:25.701Z,6,6,6,6
office,OfficeController,GetDefault,GET,Office/GetDefault,true,BasicPermissions.Office,core/admin,core/admin/admin-reference-compatibility.module,getDefaultOffice,verified,R2 admin/reference compatibility implemented,2026-02-20T19:02:25.701Z,6,6,6,6
office,OfficeController,Post,POST,Office/Post,true,AdministrationPermissions.Office,core/admin,core/admin/admin-reference-compatibility.module,createOffice,verified,R2 admin/reference compatibility implemented,2026-02-20T19:02:25.701Z,6,6,6,6
office,OfficeController,Put,PUT,Office/Put,true,AdministrationPermissions.Office,core/admin,core/admin/admin-reference-compatibility.module,updateOffice,verified,R2 admin/reference compatibility implemented,2026-02-20T19:02:25.701Z,6,6,6,6
organization,OrganizationController,Delete,DELETE,Organization/Delete,true,AdministrationPermissions.Organization,core/admin,core/admin/admin-reference-compatibility.module,deleteOrganization,verified,R2 admin/reference compatibility implemented,2026-02-20T19:02:25.701Z,7,7,7,7
organization,OrganizationController,Get,GET,Organization/Get,true,BasicPermissions.Organization,core/admin,core/admin/admin-reference-compatibility.module,getOrganization,verified,R2 admin/reference compatibility implemented,2026-02-20T19:02:25.701Z,7,7,7,7
organization,OrganizationController,GetAll,GET,Organization/GetAll,true,BasicPermissions.Organization,core/admin,core/admin/admin-reference-compatibility.module,getAllOrganizations,verified,R2 admin/reference compatibility implemented,2026-02-20T19:02:25.701Z,7,7,7,7
organization,OrganizationController,GetManagingDirector,GET,Organization/GetManagingDirector,true,AdministrationPermissions.Organization,core/admin,core/admin/admin-reference-compatibility.module,getManagingDirector,verified,R2 admin/reference compatibility implemented,2026-02-20T19:02:25.701Z,7,7,7,7
organization,OrganizationController,Post,POST,Organization/Post,true,AdministrationPermissions.Organization,core/admin,core/admin/admin-reference-compatibility.module,createOrganization,verified,R2 admin/reference compatibility implemented,2026-02-20T19:02:25.701Z,7,7,7,7
organization,OrganizationController,Put,PUT,Organization/Put,true,AdministrationPermissions.Organization,core/admin,core/admin/admin-reference-compatibility.module,updateOrganization,verified,R2 admin/reference compatibility implemented,2026-02-20T19:02:25.701Z,7,7,7,7
organization,OrganizationController,SetManagingDirector,POST,Organization/SetManagingDirector,true,AdministrationPermissions.Organization,core/admin,core/admin/admin-reference-compatibility.module,setManagingDirector,verified,R2 admin/reference compatibility implemented,2026-02-20T19:02:25.701Z,7,7,7,7
picture,PictureController,Upload,ANY,Picture/Upload,true,BasicPermissions.Picture,core/integration,core/integration/integration-compatibility.module,upload,verified,R2 media upload compatibility implemented,2026-02-20T19:02:25.701Z,1,1,1,1
post,PostController,CreatePost,POST,Post/Create,true,BasicPermissions.Post|BasicPermissions.Event,core/social,core/social/social-compatibility.module,createPost,verified,R2 social compatibility implemented,2026-02-20T19:02:25.701Z,8,8,8,8
post,PostController,DeletePost,DELETE,Post/Delete,true,BasicPermissions.Post|BasicPermissions.Event,core/social,core/social/social-compatibility.module,deletePost,verified,R2 social compatibility implemented,2026-02-20T19:02:25.701Z,8,8,8,8
post,PostController,EditPost,PUT,Post/Edit,true,BasicPermissions.Post|BasicPermissions.Event,core/social,core/social/social-compatibility.module,editPost,verified,R2 social compatibility implemented,2026-02-20T19:02:25.701Z,8,8,8,8
post,PostController,GetPost,GET,Post/GetPost,true,BasicPermissions.Post|BasicPermissions.Event,core/social,core/social/social-compatibility.module,getPost,verified,R2 social compatibility implemented,2026-02-20T19:02:25.701Z,8,8,8,8
post,PostController,HidePost,PUT,Post/Hide,true,BasicPermissions.Post|BasicPermissions.Event,core/social,core/social/social-compatibility.module,hidePost,verified,R2 social compatibility implemented,2026-02-20T19:02:25.701Z,8,8,8,8
post,PostController,ToggleLike,PUT,Post/Like,true,BasicPermissions.Post|BasicPermissions.Event,core/social,core/social/social-compatibility.module,likePost,verified,R2 social compatibility implemented,2026-02-20T19:02:25.701Z,8,8,8,8
post,PostController,UnwatchPost,PUT,Post/Unwatch,true,BasicPermissions.Post,core/social,core/social/social-compatibility.module,unwatchPost,verified,R2 social compatibility implemented,2026-02-20T19:02:25.701Z,8,8,8,8
post,PostController,WatchPost,PUT,Post/Watch,true,BasicPermissions.Post,core/social,core/social/social-compatibility.module,watchPost,verified,R2 social compatibility implemented,2026-02-20T19:02:25.701Z,8,8,8,8
project,ProjectController,Delete,DELETE,Project/Delete,true,AdministrationPermissions.Project,core/catchup,core/catchup/catchup-compatibility.module,route_project_delete,verified,R2 catchup compatibility implemented via offline parity controller,2026-02-20T19:02:25.701Z,8,8,8,8
project,ProjectController,ExpelMember,DELETE,Project/ExpelMember,true,BasicPermissions.Project,core/catchup,core/catchup/catchup-compatibility.module,route_project_expelmember,verified,R2 catchup compatibility implemented via offline parity controller,2026-02-20T19:02:25.701Z,8,8,8,8
project,ProjectController,GetForAutoComplete,GET,Project/AutoComplete,true,BasicPermissions.Project,core/catchup,core/catchup/catchup-compatibility.module,route_project_autocomplete,verified,R2 catchup compatibility implemented via offline parity controller,2026-02-20T19:02:25.701Z,8,8,8,8
project,ProjectController,GetProjectDetails,GET,Project/Details,true,BasicPermissions.Project,core/catchup,core/catchup/catchup-compatibility.module,route_project_details,verified,R2 catchup compatibility implemented via offline parity controller,2026-02-20T19:02:25.701Z,8,8,8,8
project,ProjectController,GetProjectForEdit,GET,Project/Edit,true,BasicPermissions.Project,core/catchup,core/catchup/catchup-compatibility.module,route_project_edit,verified,R2 catchup compatibility implemented via offline parity controller,2026-02-20T19:02:25.701Z,8,8,8,8
project,ProjectController,GetProjects,GET,Project/List,true,BasicPermissions.Project,core/catchup,core/catchup/catchup-compatibility.module,route_project_list,verified,R2 catchup compatibility implemented via offline parity controller,2026-02-20T19:02:25.701Z,8,8,8,8
project,ProjectController,NewProject,POST,Project/Create,true,AdministrationPermissions.Project,core/catchup,core/catchup/catchup-compatibility.module,route_project_create,verified,R2 catchup compatibility implemented via offline parity controller,2026-02-20T19:02:25.701Z,8,8,8,8
project,ProjectController,Update,PUT,Project/Edit,true,BasicPermissions.Project,core/catchup,core/catchup/catchup-compatibility.module,route_project_edit,verified,R2 catchup compatibility implemented via offline parity controller,2026-02-20T19:02:25.701Z,8,8,8,8
qualificationlevel,QualificationLevelController,Delete,DELETE,QualificationLevel/Delete,true,AdministrationPermissions.QualificationLevel,core/catchup,core/catchup/catchup-compatibility.module,route_qualificationlevel_delete,verified,R2 catchup compatibility implemented via offline parity controller,2026-02-20T19:02:25.701Z,6,6,6,6
qualificationlevel,QualificationLevelController,Get,GET,QualificationLevel/Get,true,BasicPermissions.QualificationLevel,core/catchup,core/catchup/catchup-compatibility.module,route_qualificationlevel_get,verified,R2 catchup compatibility implemented via offline parity controller,2026-02-20T19:02:25.701Z,6,6,6,6
qualificationlevel,QualificationLevelController,GetAll,GET,QualificationLevel/GetAll,true,BasicPermissions.QualificationLevel,core/catchup,core/catchup/catchup-compatibility.module,route_qualificationlevel_getall,verified,R2 catchup compatibility implemented via offline parity controller,2026-02-20T19:02:25.701Z,6,6,6,6
qualificationlevel,QualificationLevelController,GetForAutoComplete,GET,QualificationLevel/GetForAutoComplete,true,BasicPermissions.QualificationLevel,core/catchup,core/catchup/catchup-compatibility.module,route_qualificationlevel_getforautocomplete,verified,R2 catchup compatibility implemented via offline parity controller,2026-02-20T19:02:25.701Z,6,6,6,6
qualificationlevel,QualificationLevelController,Post,POST,QualificationLevel/Post,true,AdministrationPermissions.QualificationLevel,core/catchup,core/catchup/catchup-compatibility.module,route_qualificationlevel_post,verified,R2 catchup compatibility implemented via offline parity controller,2026-02-20T19:02:25.701Z,6,6,6,6
qualificationlevel,QualificationLevelController,Put,PUT,QualificationLevel/Put,true,AdministrationPermissions.QualificationLevel,core/catchup,core/catchup/catchup-compatibility.module,route_qualificationlevel_put,verified,R2 catchup compatibility implemented via offline parity controller,2026-02-20T19:02:25.701Z,6,6,6,6
role,RolesController,Delete,DELETE,Role/Delete,true,AdministrationPermissions.Role,core/catchup,core/catchup/catchup-compatibility.module,route_role_delete,verified,R2 catchup compatibility implemented via offline parity controller,2026-02-20T19:02:25.701Z,7,7,7,7
role,RolesController,Get,GET,Role/Get,true,AdministrationPermissions.Role,core/catchup,core/catchup/catchup-compatibility.module,route_role_get,verified,R2 catchup compatibility implemented via offline parity controller,2026-02-20T19:02:25.701Z,7,7,7,7
role,RolesController,GetPermissionGroups,GET,Role/GetPermissionGroups,true,AdministrationPermissions.Role,core/catchup,core/catchup/catchup-compatibility.module,route_role_getpermissiongroups,verified,R2 catchup compatibility implemented via offline parity controller,2026-02-20T19:02:25.701Z,7,7,7,7
role,RolesController,GetRolesForAutoComplete,GET,Role/GetRolesForAutocomplete,true,AdministrationPermissions.Role,core/catchup,core/catchup/catchup-compatibility.module,route_role_getrolesforautocomplete,verified,R2 catchup compatibility implemented via offline parity controller,2026-02-20T19:02:25.701Z,7,7,7,7
role,RolesController,GetUsersForAutoComplete,GET,Role/GetUsersForAutoComplete,true,AdministrationPermissions.Role,core/catchup,core/catchup/catchup-compatibility.module,route_role_getusersforautocomplete,verified,R2 catchup compatibility implemented via offline parity controller,2026-02-20T19:02:25.701Z,7,7,7,7
role,RolesController,Post,POST,Role/Post,true,AdministrationPermissions.Role,core/catchup,core/catchup/catchup-compatibility.module,route_role_post,verified,R2 catchup compatibility implemented via offline parity controller,2026-02-20T19:02:25.701Z,7,7,7,7
role,RolesController,Put,PUT,Role/Put,true,AdministrationPermissions.Role,core/catchup,core/catchup/catchup-compatibility.module,route_role_put,verified,R2 catchup compatibility implemented via offline parity controller,2026-02-20T19:02:25.701Z,7,7,7,7
room,RoomController,Delete,DELETE,Room/Delete,true,AdministrationPermissions.Room,core/catchup,core/catchup/catchup-compatibility.module,route_room_delete,verified,R2 catchup compatibility implemented via offline parity controller,2026-02-20T19:02:25.701Z,6,6,6,6
room,RoomController,Get,GET,Room/Get,true,BasicPermissions.Room,core/catchup,core/catchup/catchup-compatibility.module,route_room_get,verified,R2 catchup compatibility implemented via offline parity controller,2026-02-20T19:02:25.701Z,6,6,6,6
room,RoomController,GetAll,GET,Room/GetAll,true,BasicPermissions.Room,core/catchup,core/catchup/catchup-compatibility.module,route_room_getall,verified,R2 catchup compatibility implemented via offline parity controller,2026-02-20T19:02:25.701Z,6,6,6,6
room,RoomController,GetByFloor,GET,Room/GetByFloor,true,BasicPermissions.Room,core/catchup,core/catchup/catchup-compatibility.module,route_room_getbyfloor,verified,R2 catchup compatibility implemented via offline parity controller,2026-02-20T19:02:25.701Z,6,6,6,6
room,RoomController,Post,POST,Room/Post,true,AdministrationPermissions.Room,core/catchup,core/catchup/catchup-compatibility.module,route_room_post,verified,R2 catchup compatibility implemented via offline parity controller,2026-02-20T19:02:25.701Z,6,6,6,6
room,RoomController,Put,PUT,Room/Put,true,AdministrationPermissions.Room,core/catchup,core/catchup/catchup-compatibility.module,route_room_put,verified,R2 catchup compatibility implemented via offline parity controller,2026-02-20T19:02:25.701Z,6,6,6,6
roomtype,RoomTypeController,Delete,DELETE,RoomType/Delete,true,AdministrationPermissions.RoomType,core/catchup,core/catchup/catchup-compatibility.module,route_roomtype_delete,verified,R2 catchup compatibility implemented via offline parity controller,2026-02-20T19:02:25.701Z,4,4,4,4
roomtype,RoomTypeController,GetByFloor,GET,RoomType/GetByFloor,true,AdministrationPermissions.RoomType,core/catchup,core/catchup/catchup-compatibility.module,route_roomtype_getbyfloor,verified,R2 catchup compatibility implemented via offline parity controller,2026-02-20T19:02:25.701Z,4,4,4,4
roomtype,RoomTypeController,Post,POST,RoomType/Post,true,AdministrationPermissions.RoomType,core/catchup,core/catchup/catchup-compatibility.module,route_roomtype_post,verified,R2 catchup compatibility implemented via offline parity controller,2026-02-20T19:02:25.701Z,4,4,4,4
roomtype,RoomTypeController,Put,PUT,RoomType/Put,true,AdministrationPermissions.RoomType,core/catchup,core/catchup/catchup-compatibility.module,route_roomtype_put,verified,R2 catchup compatibility implemented via offline parity controller,2026-02-20T19:02:25.701Z,4,4,4,4
skill,SkillController,GetForAutoComplete,GET,Skill/GetForAutoComplete,true,BasicPermissions.Skill,core/catchup,core/catchup/catchup-compatibility.module,route_skill_getforautocomplete,verified,R2 catchup compatibility implemented via offline parity controller,2026-02-20T19:02:25.701Z,2,2,2,2
skill,SkillController,Post,POST,Skill/Post,true,BasicPermissions.Skill,core/catchup,core/catchup/catchup-compatibility.module,route_skill_post,verified,R2 catchup compatibility implemented via offline parity controller,2026-02-20T19:02:25.701Z,2,2,2,2
support,SupportController,GetSupportTypes,GET,Support/GetSupportTypes,true,BasicPermissions.Support,core/catchup,core/catchup/catchup-compatibility.module,route_support_getsupporttypes,verified,R2 catchup compatibility implemented via offline parity controller,2026-02-20T19:02:25.701Z,2,2,2,2
support,SupportController,SubmitTicket,POST,Support/SubmitTicket,true,BasicPermissions.Support,core/catchup,core/catchup/catchup-compatibility.module,route_support_submitticket,verified,R2 catchup compatibility implemented via offline parity controller,2026-02-20T19:02:25.701Z,2,2,2,2
user,UserController,ChangeLocalizationSettings,PUT,User/GeneralSettings,true,BasicPermissions.ApplicationUser,core/auth,core/auth/auth-compatibility.module,changeLocalizationSettings,verified,R2 user compatibility implemented,2026-02-20T19:02:25.701Z,7,7,7,7
user,UserController,ChangeNotifications,PUT,User/Notifications,true,BasicPermissions.ApplicationUser,core/social,core/social/social-compatibility.module,updateUserNotificationSettings,verified,R2 user compatibility implemented,2026-02-20T19:02:25.701Z,7,7,7,7
user,UserController,GetLocalizationSettings,GET,User/GeneralSettings,true,BasicPermissions.ApplicationUser,core/auth,core/auth/auth-compatibility.module,getLocalizationSettings,verified,R2 user compatibility implemented,2026-02-20T19:02:25.701Z,7,7,7,7
user,UserController,GetUserLogins,GET,User/Logins,true,BasicPermissions.ApplicationUser,core/auth,core/auth/auth-compatibility.module,getUserLogins,verified,R2 user compatibility implemented,2026-02-20T19:02:25.701Z,7,7,7,7
user,UserController,GetUsersForAutocomplete,GET,User/GetUsersForAutocomplete,true,BasicPermissions.ApplicationUser,core/auth,core/auth/auth-compatibility.module,getUsersForAutocomplete,verified,R2 user compatibility implemented,2026-02-20T19:02:25.701Z,7,7,7,7
user,UserController,GetWallNotifications,GET,User/Notifications,true,BasicPermissions.ApplicationUser,core/social,core/social/social-compatibility.module,getUserNotificationSettings,verified,R2 user compatibility implemented,2026-02-20T19:02:25.701Z,7,7,7,7
user,UserController,LoginsUnlink,DELETE,User/DeleteLogin,true,BasicPermissions.ApplicationUser,core/auth,core/auth/auth-compatibility.module,unlinkLogin,verified,R2 user compatibility implemented,2026-02-20T19:02:25.701Z,7,7,7,7
applicationuser,UserDeprecatedController,ConfirmUser,PUT,ApplicationUser/ConfirmUser,true,AdministrationPermissions.ApplicationUser,core/catchup,core/catchup/catchup-compatibility.module,route_applicationuser_confirmuser,verified,R2 catchup compatibility implemented via offline parity controller,2026-02-20T19:02:25.701Z,32,32,32,32
applicationuser,UserDeprecatedController,DeleteUser,DELETE,ApplicationUser/Delete,true,AdministrationPermissions.ApplicationUser,core/catchup,core/catchup/catchup-compatibility.module,route_applicationuser_delete,verified,R2 catchup compatibility implemented via offline parity controller,2026-02-20T19:02:25.701Z,32,32,32,32
applicationuser,UserDeprecatedController,Get,GET,ApplicationUser/Get,true,BasicPermissions.ApplicationUser,core/catchup,core/catchup/catchup-compatibility.module,route_applicationuser_get,verified,R2 catchup compatibility implemented via offline parity controller,2026-02-20T19:02:25.701Z,32,32,32,32
applicationuser,UserDeprecatedController,GetAll,GET,ApplicationUser/GetAll,true,BasicPermissions.ApplicationUser,core/catchup,core/catchup/catchup-compatibility.module,route_applicationuser_getall,verified,R2 catchup compatibility implemented via offline parity controller,2026-02-20T19:02:25.701Z,32,32,32,32
applicationuser,UserDeprecatedController,GetByFloorAsync,GET,ApplicationUser/GetByFloor,true,BasicPermissions.ApplicationUser,core/catchup,core/catchup/catchup-compatibility.module,route_applicationuser_getbyfloor,verified,R2 catchup compatibility implemented via offline parity controller,2026-02-20T19:02:25.701Z,32,32,32,32
applicationuser,UserDeprecatedController,GetByRoomAsync,GET,ApplicationUser/GetByRoom,true,BasicPermissions.ApplicationUser,core/catchup,core/catchup/catchup-compatibility.module,route_applicationuser_getbyroom,verified,R2 catchup compatibility implemented via offline parity controller,2026-02-20T19:02:25.701Z,32,32,32,32
applicationuser,UserDeprecatedController,GetByUserName,GET,ApplicationUser/GetByUserName,true,BasicPermissions.ApplicationUser,core/catchup,core/catchup/catchup-compatibility.module,route_applicationuser_getbyusername,verified,R2 catchup compatibility implemented via offline parity controller,2026-02-20T19:02:25.701Z,32,32,32,32
applicationuser,UserDeprecatedController,GetDetails,GET,ApplicationUser/GetDetails/{id},true,BasicPermissions.ApplicationUser,core/catchup,core/catchup/catchup-compatibility.module,route_applicationuser_getdetails_id,verified,R2 catchup compatibility implemented via offline parity controller,2026-02-20T19:02:25.701Z,32,32,32,32
applicationuser,UserDeprecatedController,GetForAutoComplete,GET,ApplicationUser/GetForAutoComplete,true,BasicPermissions.ApplicationUser,core/catchup,core/catchup/catchup-compatibility.module,route_applicationuser_getforautocomplete,verified,R2 catchup compatibility implemented via offline parity controller,2026-02-20T19:02:25.701Z,32,32,32,32
applicationuser,UserDeprecatedController,GetJobInfo,GET,ApplicationUser/GetProfile/Job,true,BasicPermissions.ApplicationUser,core/catchup,core/catchup/catchup-compatibility.module,route_applicationuser_getprofile_job,verified,R2 catchup compatibility implemented via offline parity controller,2026-02-20T19:02:25.701Z,32,32,32,32
applicationuser,UserDeprecatedController,GetJobTitleForAutoComplete,GET,ApplicationUser/GetJobTitleForAutoComplete,true,BasicPermissions.ApplicationUser,core/catchup,core/catchup/catchup-compatibility.module,route_applicationuser_getjobtitleforautocomplete,verified,R2 catchup compatibility implemented via offline parity controller,2026-02-20T19:02:25.701Z,32,32,32,32
applicationuser,UserDeprecatedController,GetManagersForAutoComplete,GET,ApplicationUser/GetManagersForAutoComplete,true,BasicPermissions.ApplicationUser,core/catchup,core/catchup/catchup-compatibility.module,route_applicationuser_getmanagersforautocomplete,verified,R2 catchup compatibility implemented via offline parity controller,2026-02-20T19:02:25.701Z,32,32,32,32
applicationuser,UserDeprecatedController,GetOfficeInfo,GET,ApplicationUser/GetProfile/Office,true,BasicPermissions.ApplicationUser,core/catchup,core/catchup/catchup-compatibility.module,route_applicationuser_getprofile_office,verified,R2 catchup compatibility implemented via offline parity controller,2026-02-20T19:02:25.701Z,32,32,32,32
applicationuser,UserDeprecatedController,GetPartTimeHoursOptions,GET,ApplicationUser/GetPartTimeHoursOptions,false,anonymous,core/catchup,core/catchup/catchup-compatibility.module,route_applicationuser_getparttimehoursoptions,verified,R2 catchup compatibility implemented via offline parity controller,2026-02-20T19:02:25.701Z,32,32,32,32
applicationuser,UserDeprecatedController,GetPersonalInfo,GET,ApplicationUser/GetProfile/Personal,true,BasicPermissions.ApplicationUser,core/catchup,core/catchup/catchup-compatibility.module,route_applicationuser_getprofile_personal,verified,R2 catchup compatibility implemented via offline parity controller,2026-02-20T19:02:25.701Z,32,32,32,32
applicationuser,UserDeprecatedController,GetProfile,GET,ApplicationUser/GetProfile,true,BasicPermissions.ApplicationUser,core/catchup,core/catchup/catchup-compatibility.module,route_applicationuser_getprofile,verified,R2 catchup compatibility implemented via offline parity controller,2026-02-20T19:02:25.701Z,32,32,32,32
applicationuser,UserDeprecatedController,GetUserJobInfo,GET,ApplicationUser/GetUserProfile/{id}/Job,true,BasicPermissions.ApplicationUser,core/catchup,core/catchup/catchup-compatibility.module,route_applicationuser_getuserprofile_id_job,verified,R2 catchup compatibility implemented via offline parity controller,2026-02-20T19:02:25.701Z,32,32,32,32
applicationuser,UserDeprecatedController,GetUserOfficeInfo,GET,ApplicationUser/GetUserProfile/{id}/Office,true,BasicPermissions.ApplicationUser,core/catchup,core/catchup/catchup-compatibility.module,route_applicationuser_getuserprofile_id_office,verified,R2 catchup compatibility implemented via offline parity controller,2026-02-20T19:02:25.701Z,32,32,32,32
applicationuser,UserDeprecatedController,GetUserPersonalInfo,GET,ApplicationUser/GetUserProfile/{id}/Personal,true,BasicPermissions.ApplicationUser,core/catchup,core/catchup/catchup-compatibility.module,route_applicationuser_getuserprofile_id_personal,verified,R2 catchup compatibility implemented via offline parity controller,2026-02-20T19:02:25.701Z,32,32,32,32
applicationuser,UserDeprecatedController,GetUserProfile,GET,ApplicationUser/GetUserProfile/{id},true,BasicPermissions.ApplicationUser,core/catchup,core/catchup/catchup-compatibility.module,route_applicationuser_getuserprofile_id,verified,R2 catchup compatibility implemented via offline parity controller,2026-02-20T19:02:25.701Z,32,32,32,32
applicationuser,UserDeprecatedController,GetUsersAsExcel,GET,ApplicationUser/GetUsersAsExcel,true,AdministrationPermissions.ApplicationUser,core/catchup,core/catchup/catchup-compatibility.module,route_applicationuser_getusersasexcel,verified,R2 catchup compatibility implemented via offline parity controller,2026-02-20T19:02:25.701Z,32,32,32,32
applicationuser,UserDeprecatedController,GetUserShroomsInfo,GET,ApplicationUser/GetUserProfile/{id}/Shrooms,true,BasicPermissions.ApplicationUser,core/catchup,core/catchup/catchup-compatibility.module,route_applicationuser_getuserprofile_id_shrooms,verified,R2 catchup compatibility implemented via offline parity controller,2026-02-20T19:02:25.701Z,32,32,32,32
applicationuser,UserDeprecatedController,GetUserTutorialStatus,GET,ApplicationUser/TutorialStatus,true,authenticated,core/catchup,core/catchup/catchup-compatibility.module,route_applicationuser_tutorialstatus,verified,R2 catchup compatibility implemented via offline parity controller,2026-02-20T19:02:25.701Z,32,32,32,32
applicationuser,UserDeprecatedController,Impersonate,GET,ApplicationUser/Impersonate,false,anonymous,core/catchup,core/catchup/catchup-compatibility.module,route_applicationuser_impersonate,verified,R2 catchup compatibility implemented via offline parity controller,2026-02-20T19:02:25.701Z,32,32,32,32
applicationuser,UserDeprecatedController,ImpersonateEnabled,GET,ApplicationUser/ImpersonateEnabled,false,anonymous,core/catchup,core/catchup/catchup-compatibility.module,route_applicationuser_impersonateenabled,verified,R2 catchup compatibility implemented via offline parity controller,2026-02-20T19:02:25.701Z,32,32,32,32
applicationuser,UserDeprecatedController,PutExams,PUT,ApplicationUser/PutExams,true,BasicPermissions.ApplicationUser,core/catchup,core/catchup/catchup-compatibility.module,route_applicationuser_putexams,verified,R2 catchup compatibility implemented via offline parity controller,2026-02-20T19:02:25.701Z,32,32,32,32
applicationuser,UserDeprecatedController,PutJobInfo,PUT,ApplicationUser/PutJobInfo,true,BasicPermissions.ApplicationUser,core/catchup,core/catchup/catchup-compatibility.module,route_applicationuser_putjobinfo,verified,R2 catchup compatibility implemented via offline parity controller,2026-02-20T19:02:25.701Z,32,32,32,32
applicationuser,UserDeprecatedController,PutOfficeInfo,PUT,ApplicationUser/PutOfficeInfo,true,BasicPermissions.ApplicationUser,core/catchup,core/catchup/catchup-compatibility.module,route_applicationuser_putofficeinfo,verified,R2 catchup compatibility implemented via offline parity controller,2026-02-20T19:02:25.701Z,32,32,32,32
applicationuser,UserDeprecatedController,PutPersonalInfo,PUT,ApplicationUser/PutPersonalInfo,true,BasicPermissions.ApplicationUser,core/catchup,core/catchup/catchup-compatibility.module,route_applicationuser_putpersonalinfo,verified,R2 catchup compatibility implemented via offline parity controller,2026-02-20T19:02:25.701Z,32,32,32,32
applicationuser,UserDeprecatedController,PutShroomsInfo,PUT,ApplicationUser/PutShroomsInfo,true,BasicPermissions.ApplicationUser,core/catchup,core/catchup/catchup-compatibility.module,route_applicationuser_putshroomsinfo,verified,R2 catchup compatibility implemented via offline parity controller,2026-02-20T19:02:25.701Z,32,32,32,32
applicationuser,UserDeprecatedController,RevertImpersonate,GET,ApplicationUser/RevertImpersonate,false,anonymous,core/catchup,core/catchup/catchup-compatibility.module,route_applicationuser_revertimpersonate,verified,R2 catchup compatibility implemented via offline parity controller,2026-02-20T19:02:25.701Z,32,32,32,32
applicationuser,UserDeprecatedController,SetUserTutorialStatusToComplete,PUT,ApplicationUser/CompleteTutorial,true,authenticated,core/catchup,core/catchup/catchup-compatibility.module,route_applicationuser_completetutorial,verified,R2 catchup compatibility implemented via offline parity controller,2026-02-20T19:02:25.701Z,32,32,32,32
vacationpage,VacationPageController,EditVacationPage,PUT,VacationPage/Edit,true,AdministrationPermissions.Vacation,core/catchup,core/catchup/catchup-compatibility.module,route_vacationpage_edit,verified,R2 catchup compatibility implemented via offline parity controller,2026-02-20T19:02:25.701Z,2,2,2,2
vacationpage,VacationPageController,GetVacationPage,GET,VacationPage/Get,true,authenticated,core/catchup,core/catchup/catchup-compatibility.module,route_vacationpage_get,verified,R2 catchup compatibility implemented via offline parity controller,2026-02-20T19:02:25.701Z,2,2,2,2
wall,WallController,CreateWall,POST,Wall/Create,true,BasicPermissions.Wall,core/social,core/social/social-compatibility.module,createWall,verified,R2 social compatibility implemented,2026-02-20T19:02:25.701Z,11,11,11,11
wall,WallController,DeleteWall,DELETE,Wall/Delete,true,BasicPermissions.Wall,core/social,core/social/social-compatibility.module,deleteWall,verified,R2 social compatibility implemented,2026-02-20T19:02:25.701Z,11,11,11,11
wall,WallController,EditWall,PUT,Wall/Edit,true,BasicPermissions.Wall,core/social,core/social/social-compatibility.module,editWall,verified,R2 social compatibility implemented,2026-02-20T19:02:25.701Z,11,11,11,11
wall,WallController,GetAllPagedWall,GET,Wall/AllPosts,true,BasicPermissions.Post,core/social,core/social/social-compatibility.module,getAllWallPosts,verified,R2 social compatibility implemented,2026-02-20T19:02:25.701Z,11,11,11,11
wall,WallController,GetAllPagedWallDeprecated,GET,Wall/AllPosts,true,BasicPermissions.Post,core/social,core/social/social-compatibility.module,getAllWallPosts,verified,R2 social compatibility implemented,2026-02-20T19:02:25.701Z,11,11,11,11
wall,WallController,GetPagedWall,GET,Wall/Posts,true,BasicPermissions.Post|BasicPermissions.Event,core/social,core/social/social-compatibility.module,getWallPosts,verified,R2 social compatibility implemented,2026-02-20T19:02:25.701Z,11,11,11,11
wall,WallController,GetWall,GET,Wall/Details,true,BasicPermissions.Post|BasicPermissions.Event,core/social,core/social/social-compatibility.module,getWallDetails,verified,R2 social compatibility implemented,2026-02-20T19:02:25.701Z,11,11,11,11
wall,WallController,GetWallList,GET,Wall/List,true,BasicPermissions.Post,core/social,core/social/social-compatibility.module,getWallList,verified,R2 social compatibility implemented,2026-02-20T19:02:25.701Z,11,11,11,11
wall,WallController,GetWallMembers,GET,Wall/Members,true,BasicPermissions.Wall,core/social,core/social/social-compatibility.module,getWallMembers,verified,R2 social compatibility implemented,2026-02-20T19:02:25.701Z,11,11,11,11
wall,WallController,JoinWall,PUT,Wall/Follow,true,BasicPermissions.Wall,core/social,core/social/social-compatibility.module,followWall,verified,R2 social compatibility implemented,2026-02-20T19:02:25.701Z,11,11,11,11
wall,WallController,SearchWall,GET,Wall/Search,true,BasicPermissions.Post,core/social,core/social/social-compatibility.module,searchWall,verified,R2 social compatibility implemented,2026-02-20T19:02:25.701Z,11,11,11,11
