legacy_state,legacy_url,full_url,template,controller,auth_scope,module_file,modern_route,modern_component,status,notes
Root.WithOrg.Client.Settings.Notifications,/Notifications,/:organizationName/Settings/Notifications,app/settings/notifications/notifications.html,settingsNotificationsController,unspecified,src/webapp/src/client/app/settings/settings.module.js,TBD,TBD,unmapped,src/webapp/src/client/app/settings/settings.module.js:30
Root.WithOrg.Client.Wall,/Wall,/:organizationName/Wall,app/wall/wall.html,wallController,unspecified,src/webapp/src/client/app/wall/wall.module.js,TBD,TBD,unmapped,src/webapp/src/client/app/wall/wall.module.js:16
Root.WithOrg.Client.Wall.All,/All,/:organizationName/Wall/All,app/wall/item/feed/feed.html,,unspecified,src/webapp/src/client/app/wall/wall.module.js,TBD,TBD,unmapped,src/webapp/src/client/app/wall/wall.module.js:44
Root.WithOrg.Client.Wall.Create,/Create,/:organizationName/Wall/Create,app/wall/discover-walls/create-edit/create-edit.html,discoverWallsCreateController,unspecified,src/webapp/src/client/app/wall/wall.module.js,TBD,TBD,unmapped,src/webapp/src/client/app/wall/wall.module.js:54
Root.WithOrg.Client.Wall.Edit,/Edit/:id,/:organizationName/Wall/Edit/:id,app/wall/discover-walls/create-edit/create-edit.html,discoverWallsCreateController,unspecified,src/webapp/src/client/app/wall/wall.module.js,TBD,TBD,unmapped,src/webapp/src/client/app/wall/wall.module.js:60
Root.WithOrg.Client.Wall.Item,,/:organizationName/Wall,app/wall/item/item.html,wallItemController,unspecified,src/webapp/src/client/app/wall/wall.module.js,TBD,TBD,unmapped,src/webapp/src/client/app/wall/wall.module.js:24
Root.WithOrg.Client.Wall.Item.Feed,/Feed?wall/?search/?post,/:organizationName/Wall/Feed?wall/?search/?post,app/wall/item/feed/feed.html,wallFeedController,unspecified,src/webapp/src/client/app/wall/wall.module.js,TBD,TBD,unmapped,src/webapp/src/client/app/wall/wall.module.js:31
Root.WithOrg.Client.Wall.Item.Members,/Members?wall,/:organizationName/Wall/Members?wall,app/wall/item/members/members.html,wallMembersController,unspecified,src/webapp/src/client/app/wall/wall.module.js,TBD,TBD,unmapped,src/webapp/src/client/app/wall/wall.module.js:38
Root.WithOrg.Client.Wall.List,/List,/:organizationName/Wall/List,app/wall/discover-walls/list/list.html,discoverWallsListController,unspecified,src/webapp/src/client/app/wall/wall.module.js,TBD,TBD,unmapped,src/webapp/src/client/app/wall/wall.module.js:48
